dataset,seed,bv_target_cls,clean_acc,asr
ImageNet100,1,1,80.30000000000001,99.8989898989899
ImageNet100,1,2,80.5,99.57575757575758
ImageNet100,1,3,80.72,99.97979797979798
