dataset,seed,bv_target_cls,clean_acc,asr
ImageNet100,1,1,83.16,99.19191919191918
ImageNet100,1,2,83.3,99.43434343434343
ImageNet100,1,3,83.6,99.57575757575758
