dataset,seed,bv_target_cls,clean_acc,asr
ImageNet100,1,1,72.22,0.1616161616161616
ImageNet100,1,2,72.22,0.1616161616161616
ImageNet100,1,3,72.22,0.7676767676767676
