dataset,seed,bv_target_cls,clean_acc,asr
ImageNet100,1,1,85.06,6.525252525252526
ImageNet100,1,2,85.06,14.606060606060606
ImageNet100,1,3,85.06,3.272727272727273
