dataset,seed,bv_target_cls,clean_acc,asr
CIFAR100,1,1,62.44,98.54545454545455
CIFAR100,1,2,62.44,95.67676767676768
CIFAR100,1,3,62.44,99.68686868686869
