dataset,seed,bv_target_cls,clean_acc,asr
CIFAR100,1,1,88.61,3.7575757575757573
CIFAR100,1,2,88.61,7.616161616161617
CIFAR100,1,3,88.61,17.01010101010101
