dataset,seed,bv_target_cls,clean_acc,asr
CIFAR100,1,1,89.29,13.292929292929292
CIFAR100,1,2,89.2,39.525252525252526
CIFAR100,1,3,89.08,48.515151515151516
