dataset,seed,bv_target_cls,clean_acc,asr
CIFAR100,1,1,89.25,4.08080808080808
CIFAR100,1,2,89.25,4.94949494949495
CIFAR100,1,3,89.25,18.232323232323232
