dataset,seed,bv_target_cls,clean_acc,asr
CIFAR100,1,1,87.97,9.94949494949495
CIFAR100,1,2,87.85,30.02020202020202
CIFAR100,1,3,87.94,33.83838383838384
