dataset,seed,bv_target_cls,clean_acc,asr
CIFAR100,1,1,88.25,2.5656565656565657
CIFAR100,1,2,88.25,3.5555555555555554
CIFAR100,1,3,88.25,8.515151515151514
