dataset,seed,bv_target_cls,clean_acc,asr
ImageNet100,1,1,69.3,94.98989898989899
ImageNet100,1,2,69.3,68.52525252525253
ImageNet100,1,3,69.3,77.87878787878788
