dataset,seed,bv_target_cls,clean_acc,asr
ImageNet100,1,1,86.06,82.8080808080808
ImageNet100,1,2,85.98,95.97979797979798
ImageNet100,1,3,86.11999999999999,78.84848484848484
