dataset,seed,bv_target_cls,clean_acc,asr
ImageNet100,1,1,85.54,4.929292929292929
ImageNet100,1,2,85.54,5.090909090909091
ImageNet100,1,3,85.54,3.151515151515152
