dataset,seed,bv_target_cls,clean_acc,asr
ImageNet100,1,1,85.39999999999999,77.47474747474747
ImageNet100,1,2,85.32,85.33333333333334
ImageNet100,1,3,85.5,68.66666666666667
